id,first_name,last_name,email,job_title
1,Miriam,Jones,mjones0@walmart.com,Automation Specialist
2,Afton,Darwin,adarwin1@independent.co.uk,Automation Specialist
3,Arleen,Gosalvez,agosalvez2@bbc.co.uk,Software Test Engineer
4,Damien,Brombell,dbrombell3@amazonaws.com,Data Coordinator
5,Tarrance,Pringer,tpringer4@dot.gov,Account Executive
6,Ferrell,Kasperski,fkasperski5@forbes.com,Human Resources Manager
7,Honoria,Colaton,hcolaton6@va.gov,Senior Financial Analyst
8,Jacquelynn,Drinan,jdrinan7@gizmodo.com,Recruiter
9,Vinni,Bowbrick,vbowbrick8@cafepress.com,Internal Auditor
10,Catrina,Covotto,ccovotto9@disqus.com,Software Developer
11,Cathy,Hubeaux,chubeauxa@shinystat.com,Research Associate
12,Andree,Pickring,apickringb@sciencedirect.com,Research Associate
13,Kendell,McKiernan,kmckiernanc@163.com,Editor
14,Curtice,Hutchison,chutchisond@tripadvisor.com,Editor
15,Codie,Ollet,collete@auda.org.au,Accountant
16,Ethelin,Cradick,ecradickf@house.gov,Technical Architect
17,Cliff,Mallebone,cmalleboneg@marketwatch.com,Software Developer
18,Beatriz,Orthmann,borthmannh@usnews.com,Software Developer
19,Clarice,Jellyman,cjellymani@blogger.com,Project Manager
20,Ulysses,Vidyapin,uvidyapinj@weebly.com,Project Manager
21,Melli,Raynard,mraynardk@newyorker.com,Software Developer
22,Daniella,Corran,dcorranl@yahoo.co.jp,Senior Quality Engineer
23,Laurette,Beviss,lbevissm@cdbaby.com,Senior Quality Engineer
24,Faina,McGill,fmcgilln@washingtonpost.com,Project Manager
25,Albie,Besset,abesseto@boston.com,Office Assistant
26,Justinian,Linnett,jlinnettp@stumbleupon.com,Technical Writer
27,Levon,Caines,lcainesq@icio.us,Technical Writer
28,Chantal,O'Criane,cocrianer@trellian.com,Data Coordinator
29,Jamill,Keener,jkeeners@networksolutions.com,Data Coordinator
30,Clevey,Ingraham,cingrahamt@squidoo.com,Data Coordinator
31,Lourette,O' Hanvey,lohanveyu@berkeley.edu,Accountant
32,Kellby,Ginie,kginiev@devhub.com,Accountant
33,Evangelina,Cheavin,echeavinw@amazon.com,Accountant
34,Peria,Zieme,pziemex@gizmodo.com,General Manager
35,Nicolle,Mertsching,nmertschingy@domainmarket.com,General Manager
36,Lukas,Greenwood,lgreenwoodz@ovh.net,General Manager
37,Sindee,Gotcliff,sgotcliff10@amazon.com,Database Administrator
38,Mersey,Aspin,maspin11@studiopress.com,Database Administrator
39,Alis,Baly,abaly12@dropbox.com,Database Administrator
40,Ervin,Tann,etann13@shinystat.com,Acountant
41,Glad,Formilli,gformilli14@squarespace.com,Acountant
42,Guthry,De Stoop,gdestoop15@webs.com,Acountant
43,Alissa,Fearon,afearon16@vinaora.com,Acountant
44,Sibella,Preston,spreston17@reddit.com,Acountant
45,Davidde,Scamaden,dscamaden18@dropbox.com,Acountant
46,Keefe,Purdom,kpurdom19@imgur.com,Automation Specialist
47,Ward,Leaman,wleaman1a@technorati.com,Automation Specialist
48,Eberhard,Francesc,efrancesc1b@yellowpages.com,Recruiter
49,Denni,Laye,dlaye1c@dropbox.com,Account Executive
50,Filberto,Regi,fregi1d@fotki.com,Account Executive
51,Lamond,Acosta,lacosta1e@amazon.co.uk,VP Sales
52,Nance,Tween,ntween1f@hubpages.com,Assistant Manager
53,Haily,Lesper,hlesper1g@dropbox.com,Assistant Manager
54,Gustavo,McPeck,gmcpeck1h@europa.eu,Assistant Manager
55,Zack,Cauderlie,zcauderlie1i@umich.edu,Assistant Manager
56,Sloan,Pinfold,spinfold1j@dropbox.com,Help Desk Operator
57,Dion,Feldfisher,dfeldfisher1k@wired.com,Help Desk Operator
58,Franchot,Kelshaw,fkelshaw1l@alexa.com,Senior Quality Engineer
59,Merla,Benallack,mbenallack1m@apple.com,Senior Quality Engineer
60,Elayne,Cuthbert,ecuthbert1n@gnu.org,Senior Quality Engineer
61,Aloysia,Jerrome,ajerrome1o@nps.gov,Senior Editor
62,Jewelle,Roiz,jroiz1p@flickr.com,Senior Editor
63,Hugibert,Bartlomieczak,hbartlomieczak1q@phpbb.com,Senior Editor
64,Jsandye,Satchell,jsatchell1r@archive.org,Senior Editor
65,Lauree,Vauls,lvauls1s@bing.com,Senior Editor
66,Troy,Raittie,traittie1t@fema.gov,Product Manager
67,Ertha,Doelle,edoelle1u@dropbox.com,Product Manager
68,Gracie,Vigours,gvigours1v@slate.com,Product Manager
69,Sallee,Disdel,sdisdel1w@skyrock.com,Help Desk Operator
70,Way,Leet,wleet1x@wunderground.com,Information Systems Manager
71,Sammy,Laughrey,slaughrey1y@ftc.gov,Information Systems Manager
72,Kristina,Taffs,ktaffs1z@opera.com,Help Desk Operator
73,Abe,MacGilmartin,amacgilmartin20@hud.gov,Help Desk Operator
74,Yvonne,Marder,ymarder21@dropbox.com,Help Desk Operator
75,Rachel,Bulcock,rbulcock22@amazonaws.com,Help Desk Operator
76,Jamey,Monelle,jmonelle23@tiny.cc,Help Desk Operator
77,Kyle,Orans,korans24@disqus.com,Accounting Assistant
78,Lorrin,McRannell,lmcrannell25@youtu.be,Accounting Assistant
79,Hillary,Selley,hselley26@studiopress.com,Accounting Assistant
80,Wallache,Surman,wsurman27@washington.edu,Accounting Assistant
81,Josiah,Legat,jlegat28@economist.com,Accounting Assistant
82,Karla,Spykins,kspykins29@newsvine.com,Software Developer
83,Georas,Nehls,gnehls2a@dropbox.com,Software Developer
84,Hewie,Tremmil,htremmil2b@wordpress.com,Software Developer
85,Cristobal,Broggini,cbroggini2c@tripadvisor.com,Project Manager
86,Leilah,Parnaby,lparnaby2d@hostgator.com,Project Manager
87,Mureil,Groger,mgroger2e@myspace.com,Legal Assistant
88,Irwinn,Meehan,imeehan2f@dropbox.com,Legal Assistant
89,Rafferty,Goodings,rgoodings2g@scribd.com,Legal Assistant
90,Mathias,Matschoss,mmatschoss2h@howstuffworks.com,Quality Engineer
91,Anna-maria,Petrakov,apetrakov2i@foxnews.com,Account Representative
92,Roze,Farthin,rfarthin2j@kickstarter.com,Legal Assistant
93,Olympe,Bensusan,obensusan2k@bloglines.com,Legal Assistant
94,Emmott,Shildrick,eshildrick2l@nytimes.com,Legal Assistant
95,Farand,Elfitt,felfitt2m@hp.com,Accountant
96,Earvin,Tash,etash2n@blogs.com,Accountant
97,Jenilee,Fishly,jfishly2o@cafepress.com,Research Assistant
98,Beckie,Martinson,bmartinson2p@dropbox.com,Research Assistant
99,Lilla,Kingsworth,lkingsworth2q@google.cn,Research Assistant
100,Kyla,Ferreri,kferreri2r@opera.com,Marketing Assistant
101,Eddy,Shuard,eshuard2s@surveymonkey.com,Marketing Assistant
102,Nels,Bembrick,nbembrick2t@irs.gov,Marketing Assistant
103,Marshal,Calverley,mcalverley2u@livejournal.com,Marketing Assistant
104,Jacquenetta,Sparshott,jsparshott2v@moonfruit.com,Marketing Assistant
105,Wesley,Volett,wvolett2w@ask.com,Software Test Engineer
106,Hesther,Hamflett,hhamflett2x@dropbox.com,Software Test Engineer
107,Halli,Predohl,hpredohl2y@t.co,Software Test Engineer
108,Dominique,Wikey,dwikey2z@dedecms.com,Software Test Engineer
109,Basil,Ganning,bganning30@tumblr.com,Software Test Engineer
110,Berny,Duke,bduke31@dion.ne.jp,Technical Writer
111,Vinny,Sprowles,vsprowles32@dropbox.com,Technical Writer
112,Aldrich,Jendricke,ajendricke33@independent.co.uk,Technical Writer
113,Odessa,Horsley,ohorsley34@blogspot.com,Technical Writer
114,Tine,Guillond,tguillond35@auda.org.au,Technical Writer
115,Mahala,Hamshar,mhamshar36@oracle.com,Computer Systems Analyst
116,Matilde,Lemme,mlemme37@dropbox.com,Computer Systems Analyst
117,Kimberley,Tiffney,ktiffney38@unblog.fr,Computer Systems Analyst
118,Evie,Mostin,emostin39@walmart.com,Computer Systems Analyst
119,Kristel,Warrell,kwarrell3a@google.pl,Computer Systems Analyst
120,Dur,Abramof,dabramof3b@technorati.com,Computer Systems Analyst
121,Alyda,Tarzey,atarzey3c@ted.com,Computer Systems Analyst
122,Esra,Brevetor,ebrevetor3d@bloomberg.com,Senior Quality Engineer
123,Korney,Stych,kstych3e@sina.com.cn,Senior Quality Engineer
124,Bea,Dottridge,bdottridge3f@barnesandnoble.com,Senior Quality Engineer
125,Paton,Duggan,pduggan3g@dropbox.com,Senior Quality Engineer
126,Anthe,O'Cooney,aocooney3h@dropbox.com,Senior Quality Engineer
127,Gianina,Farrey,gfarrey3i@diigo.com,Senior Quality Engineer
128,Erina,Borton,eborton3j@hc360.com,Sales Representative
129,Yvon,Cutforth,ycutforth3k@dyndns.org,Sales Representative
130,Corrine,Hargraves,chargraves3l@meetup.com,Sales Representative
131,Inigo,Coverly,icoverly3m@vimeo.com,Sales Representative
132,Pauli,Whitsun,pwhitsun3n@alibaba.com,Sales Representative
133,Gabriela,Sommerscales,gsommerscales3o@fotki.com,Accountant
134,Ethyl,Parell,eparell3p@cdc.gov,Accountant
135,Nefen,Give,ngive3q@google.co.uk,Accountant
136,Sarge,Paramore,sparamore3r@statcounter.com,Accountant
137,Flori,Spyer,fspyer3s@whitehouse.gov,Software Test Engineer
138,Gayel,Braham,gbraham3t@hud.gov,Software Test Engineer
139,Artemis,Lomath,alomath3u@constantcontact.com,Software Test Engineer
140,Warden,Haycox,whaycox3v@slideshare.net,Software Test Engineer
141,Sonny,Tuminini,stuminini3w@statcounter.com,Software Test Engineer
142,Meryl,Biggin,mbiggin3x@instagram.com,Software Test Engineer
143,Arther,Bezarra,abezarra3y@noaa.gov,Software Test Engineer
144,Kyla,Ferreri,kferreri@opera.com,Marketing Manager
145,Jaine,Malpas,jmalpas40@bing.com,Media Manager
146,Genevra,Markovich,gmarkovich41@aol.com,Media Manager
147,Monique,Newstead,mnewstead42@aol.com,Media Manager
148,Hamil,Shimoni,hshimoni43@chron.com,Desktop Support Technician
149,Shirleen,Troyes,stroyes44@aol.com,Desktop Support Technician
150,Raynell,Hardacre,rhardacre45@cloudflare.com,Desktop Support Technician
151,Elaine,Fathers,efathers46@webs.com,Desktop Support Technician
152,Lynne,Searby,lsearby47@about.me,Desktop Support Technician
153,Mora,Bickardike,mbickardike48@ox.ac.uk,Desktop Support Technician
154,Elvin,Rupprecht,erupprecht49@hubpages.com,Human Resources Assistant
155,Faunie,Stitson,fstitson4a@wikispaces.com,Human Resources Assistant
156,Erinna,Ivy,eivy4b@aol.com,Office Assistant
157,Daria,Isaac,disaac4c@linkedin.com,Office Assistant
158,Dianemarie,Tomblings,dtomblings4d@dyndns.org,Office Assistant
159,Pia,Colquit,pcolquit4e@amazon.de,Office Assistant
160,Nerita,Stratley,nstratley4f@aol.com,Office Assistant
161,Janot,Balcombe,jbalcombe4g@mapquest.com,Office Assistant
162,Fawnia,Attyeo,fattyeo4h@tmall.com,Database Administrator
163,Pascal,Kastel,pkastel4i@webmd.com,Database Administrator
164,Ingrid,Novis,inovis4j@google.es,Database Administrator
165,Stevena,Jerzak,sjerzak4k@facebook.com,Database Administrator
166,Putnem,Dalgetty,pdalgetty4l@cisco.com,Database Administrator
167,Uriah,Smallsman,usmallsman4m@usda.gov,Senior Financial Analyst
168,Shellie,Bull,sbull4n@bizjournals.com,Senior Financial Analyst
169,Arline,Malia,amalia4o@altervista.org,Senior Financial Analyst
170,Galen,Oscroft,goscroft4p@studiopress.com,Senior Financial Analyst
171,Laura,Wombwell,lwombwell4q@storify.com,Senior Financial Analyst
172,Piper,Neachell,pneachell4r@dion.ne.jp,Senior Sales Associate
173,Ellene,Renzo,erenzo4s@go.com,Senior Sales Associate
174,Sutton,Wroth,swroth4t@stumbleupon.com,Senior Sales Associate
175,Annamaria,Ricard,aricard4u@dailymotion.com,Senior Sales Associate
176,Cyril,Crocetto,ccrocetto4v@sciencedirect.com,Marketing Assistant
177,Loralyn,Seawell,lseawell4w@google.com.hk,Marketing Assistant
178,Sayre,Malt,smalt4x@wordpress.org,Marketing Assistant
179,Jeremy,Piotr,jpiotr4y@usatoday.com,Marketing Assistant
180,Ronny,Conlaund,rconlaund4z@jugem.jp,Marketing Assistant
181,Wini,Sprules,wsprules50@cnn.com,Marketing Assistant
182,Jervis,Barens,jbarens51@archive.org,Computer Systems Analyst
183,Natividad,Vauls,nvauls52@dmoz.org,Computer Systems Analyst
184,Murdock,Howey,mhowey53@wix.com,Computer Systems Analyst
185,Mariquilla,Katte,mkatte54@discovery.com,Assistant Manager
186,Melita,Lapenna,mlapenna55@last.fm,Assistant Manager
187,Vincents,Orteau,vorteau56@abc.net.au,Web Developer
188,Sharai,Lowin,slowin57@cdbaby.com,Web Developer
189,Roanna,Ruppel,rruppel58@clickbank.net,Web Developer
190,Sofie,Doudney,sdoudney59@w3.org,Web Developer
191,Donal,Casley,dcasley5a@si.edu,Web Developer
192,Web,Blasik,wblasik5b@networksolutions.com,Software Developer
193,Gannie,Legat,glegat5c@imdb.com,Software Developer
194,Veradis,Fiddy,vfiddy5d@yahoo.co.jp,Software Developer
195,Piggy,Fellnee,pfellnee5e@economist.com,Software Developer
196,Ina,Keniwell,ikeniwell5f@dedecms.com,Software Developer
197,Prentice,Denial,pdenial5g@aol.com,Software Developer
198,Phillida,Pynn,ppynn5h@blinklist.com,Software Developer
199,Myles,Wanklyn,mwanklyn5i@salon.com,Senior Financial Analyst
200,Benjy,Joselson,bjoselson5j@usgs.gov,Senior Financial Analyst
201,Cary,Guidone,cguidone5k@slashdot.org,Senior Financial Analyst
202,Daisi,Fernandes,dfernandes5l@hud.gov,Senior Financial Analyst
203,Elmore,Tack,etack5m@arstechnica.com,VP Sales
204,Madel,Aylmer,maylmer5n@abc.net.au,Product Engineer
205,Trista,Dmtrovic,tdmtrovic5o@intel.com,Product Engineer
206,Fulton,Fillis,ffillis5p@redcross.org,Product Engineer
207,Arlen,Orro,aorro5q@gravatar.com,Product Engineer
208,Celka,Frowen,cfrowen5r@ezinearticles.com,Desktop Support Technician
209,Bethena,Margerison,bmargerison5s@jalbum.net,Desktop Support Technician
210,Sile,Viccary,sviccary5t@jimdo.com,Desktop Support Technician
211,Selinda,Crayker,scrayker5u@spotify.com,Desktop Support Technician
212,Bree,Trulock,btrulock5v@xinhuanet.com,Desktop Support Technician
213,Reina,Bilton,rbilton5w@dailymotion.com,Desktop Support Technician
214,Godfry,Gonet,ggonet5x@google.com,Systems Administrator
215,Nicol,Gordge,ngordge5y@acquirethisname.com,Systems Administrator
216,Stearn,Furse,sfurse5z@techcrunch.com,Systems Administrator
217,Olimpia,Sieur,osieur60@illinois.edu,Systems Administrator
218,Fred,Habbon,fhabbon61@so-net.ne.jp,Systems Administrator
219,Brigitta,Nipper,bnipper62@army.mil,Project Manager
220,Darla,Capron,dcapron63@eventbrite.com,Project Manager
221,Jamey,Beeston,jbeeston64@cpanel.net,Project Manager
222,Reynard,Overel,roverel65@elpais.com,Project Manager
223,Hillel,Gunney,hgunney66@bbb.org,Project Manager
224,Natale,MacCostigan,nmaccostigan67@reuters.com,Project Manager
225,Karil,Pfaff,kpfaff68@wufoo.com,Desktop Support Technician
226,Steffi,Murray,smurray69@latimes.com,Desktop Support Technician
227,Adele,Stillman,astillman6a@harvard.edu,Desktop Support Technician
228,Nollie,Timms,ntimms6b@wordpress.org,Desktop Support Technician
229,Monte,Peetermann,mpeetermann6c@blogs.com,Desktop Support Technician
230,Jacques,Spenton,jspenton6d@usgs.gov,Desktop Support Technician
231,Niccolo,Giscken,ngiscken6e@shareasale.com,Desktop Support Technician
232,Jyoti,Ivanenkov,jivanenkov6f@trellian.com,Human Resources Assistant
233,Gretna,Cubbon,gcubbon6g@webmd.com,Human Resources Assistant
234,Stesha,Frugier,sfrugier6h@cpanel.net,Human Resources Assistant
235,Anna-diane,Marlor,amarlor6i@wikispaces.com,Human Resources Assistant
236,Daile,Rivalland,drivalland6j@imageshack.us,Senior Quality Engineer
237,Collin,Coggan,ccoggan6k@studiopress.com,Senior Quality Engineer
238,Earlie,Tickner,etickner6l@vinaora.com,Senior Quality Engineer
239,Pearl,Kasbye,pkasbye6m@ning.com,Senior Quality Engineer
240,Pennie,Ricardo,pricardo6n@smh.com.au,Senior Quality Engineer
241,Jakob,O'Dunneen,jodunneen6o@about.com,Senior Quality Engineer
242,Phyllida,Cadogan,pcadogan6p@nih.gov,Technical Architect
243,Hilario,Yerson,hyerson6q@youtube.com,Technical Architect
244,Antony,Chuck,achuck6r@icq.com,Technical Architect
245,Hollie,Cohalan,hcohalan6s@engadget.com,Technical Architect
246,Robinette,Dunsford,rdunsford6t@aboutads.info,Data Coordinator
247,Gwendolyn,Dumbrill,gdumbrill6u@google.it,Data Coordinator
248,Tiena,Hirtzmann,thirtzmann6v@columbia.edu,Data Coordinator
249,Lorita,Hanster,lhanster6w@networksolutions.com,Data Coordinator
250,Carr,Tomisch,ctomisch6x@etsy.com,Data Coordinator
251,Jasun,Filipponi,jfilipponi6y@rediff.com,Data Coordinator
252,Anita,Philipson,aphilipson6z@furl.net,Data Coordinator
253,Titus,Styant,tstyant70@free.fr,Human Resources Assistant
254,Dannie,Goadbie,dgoadbie71@canalblog.com,Human Resources Assistant
255,Trudi,Dunster,tdunster72@newyorker.com,Human Resources Assistant
256,Caressa,Metschke,cmetschke73@freewebs.com,Human Resources Assistant
257,Elysha,Hampshire,ehampshire74@scribd.com,Human Resources Assistant
258,Malva,Barenski,mbarenski75@usda.gov,Human Resources Assistant
259,Emelia,Truesdale,etruesdale76@gizmodo.com,Research Associate
260,Storm,Mattisson,smattisson77@123-reg.co.uk,Research Associate
261,Jean,McNeilly,jmcneilly78@virginia.edu,Research Associate
262,Enrichetta,Cocksedge,ecocksedge79@i2i.jp,Research Associate
263,Donny,Grimbleby,dgrimbleby7a@icq.com,Research Associate
264,Nathalie,Dibner,ndibner7b@chron.com,Systems Administrator
265,Zared,Guthrie,zguthrie7c@t-online.de,Systems Administrator
266,Lynnell,Spick,lspick7d@mysql.com,Systems Administrator
267,Ambrose,Brewitt,abrewitt7e@bizjournals.com,Systems Administrator
268,Junette,Dassindale,jdassindale7f@jigsy.com,Systems Administrator
269,Opalina,Billyeald,obillyeald7g@walmart.com,Quality Engineer
270,Lauree,Meeks,lmeeks7h@ihg.com,Quality Engineer
271,Crista,McNirlin,cmcnirlin7i@wikia.com,Quality Engineer
272,Foster,Lidstone,flidstone7j@squarespace.com,Quality Engineer
273,Clarette,MacCart,cmaccart7k@google.ca,Quality Engineer
274,Marie-ann,Coopper,mcoopper7l@miitbeian.gov.cn,Internal Auditor
275,Gard,Scroxton,gscroxton7m@gnu.org,Internal Auditor
276,Vita,Follitt,vfollitt7n@uiuc.edu,Internal Auditor
277,Ailene,Ridolfo,aridolfo7o@imdb.com,Internal Auditor
278,Dari,Kyllford,dkyllford7p@uol.com.br,Internal Auditor
279,Mohandas,Pound,mpound7q@techcrunch.com,Marketing Assistant
280,Dickie,Gumey,dgumey7r@spotify.com,Marketing Assistant
281,Griffin,Witz,gwitz7s@51.la,Marketing Assistant
282,Caldwell,Ogers,cogers7t@icq.com,Marketing Assistant
283,Garvin,Margrem,gmargrem7u@uiuc.edu,Assistant Manager
284,Tallie,Cramp,tcramp7v@stumbleupon.com,Financial Analyst
285,Mildred,Doberer,mdoberer7w@blogtalkradio.com,Project Manager
286,Alvina,Sayce,asayce7x@php.net,Project Manager
287,Celisse,Fonte,cfonte7y@e-recht24.de,Project Manager
288,Benetta,Tomini,btomini7z@aol.com,Project Manager
289,Janetta,Claasen,jclaasen80@addthis.com,Project Manager
290,Harvey,Jouannin,hjouannin81@cdc.gov,Project Manager
291,Dorree,Dunseath,ddunseath82@netvibes.com,Project Manager
292,Linnea,Rummin,lrummin83@fc2.com,Project Manager
293,Alphonse,Tingcomb,atingcomb84@wordpress.org,Project Manager
294,Federica,Assiter,fassiter85@fda.gov,Project Manager
295,Gussie,Bare,gbare86@ebay.co.uk,Systems Administrator
296,Lorelei,Oyley,loyley87@amazon.de,Systems Administrator
297,Calley,Ambrosio,cambrosio88@nifty.com,Systems Administrator
298,Page,Quartermain,pquartermain89@squarespace.com,Systems Administrator
299,Joycelin,Dalman,jdalman8a@ask.com,Systems Administrator
300,Ofella,Cellone,ocellone8b@bravesites.com,Systems Administrator
301,Sashenka,Coles,scoles8c@tripod.com,Systems Administrator
302,Gussi,Corbally,gcorbally8d@globo.com,Systems Administrator
303,Anastasia,Sieb,asieb8e@edublogs.org,Senior Quality Engineer
304,Gerhardine,Cleyne,gcleyne8f@marriott.com,Senior Quality Engineer
305,Mireille,Tytherton,mtytherton8g@cdc.gov,Senior Quality Engineer
306,Devin,Fealey,dfealey8h@google.fr,Senior Quality Engineer
307,Tommi,Eardley,teardley8i@xinhuanet.com,Senior Quality Engineer
308,Addy,Tommasuzzi,atommasuzzi8j@wikia.com,Director of Sales
309,Raynell,Hardacre,rhardacre@cloudflare.com,Help Desk Technician
310,Miguela,Meys,mmeysct@hostgator.com,Media Manager
311,Bing,Petrus,bpetrus8m@java.com,Human Resources Manager
312,Bibbye,Caltera,bcaltera8n@google.es,Human Resources Manager
313,Reagen,Vardy,rvardy8o@tmall.com,Human Resources Manager
314,Vidovik,Cockshutt,vcockshutt8p@cocolog-nifty.com,Human Resources Manager
315,Arlana,Masic,amasic8q@4shared.com,Human Resources Manager
316,Tirrell,Gelland,tgelland8r@tuttocitta.it,Human Resources Manager
317,Vannie,Wrinch,vwrinch8s@eepurl.com,Research Associate
318,Janel,Jiranek,jjiranek8t@reddit.com,Sales Representative
319,Ulla,Bullant,ubullant8u@ifeng.com,Sales Representative
320,Shell,Korneichik,skorneichik8v@nih.gov,Sales Representative
321,Genevieve,McMenamy,gmcmenamy8w@jiathis.com,Sales Representative
322,Ewell,McMonies,emcmonies8x@discovery.com,Help Desk Technician
323,Zeke,Camsey,zcamsey8y@prweb.com,Help Desk Technician
324,Crissy,Fenix,cfenix8z@unblog.fr,Help Desk Technician
325,Filberto,Benitti,fbenitti90@about.com,Financial Analyst
326,Kameko,Lis,klis91@phoca.cz,Financial Analyst
327,Fayette,Iannelli,fiannelli92@pen.io,Financial Analyst
328,Clarey,Steane,csteane93@gnu.org,Financial Analyst
329,Gabi,Beardow,gbeardow94@cocolog-nifty.com,Information Systems Manager
330,Stan,Attoc,sattoc95@skype.com,Information Systems Manager
331,Filmer,Bellany,fbellany96@google.it,Information Systems Manager
332,Jeddy,Oboy,joboy97@github.com,Information Systems Manager
333,Madelina,Krzysztofiak,mkrzysztofiak98@bloglines.com,Information Systems Manager
334,Nellie,Cawood,ncawood99@tripod.com,Information Systems Manager
335,Joscelin,Kime,jkime9a@youku.com,Product Engineer
336,Englebert,Vannucci,evannucci9b@ebay.com,Product Engineer
337,Hadlee,Flury,hflury9c@feedburner.com,Product Engineer
338,Larina,Brookshaw,lbrookshaw9d@irs.gov,Product Engineer
339,Ellen,McNickle,emcnickle9e@nymag.com,Product Engineer
340,Carly,Baudinelli,cbaudinelli9f@barnesandnoble.com,Product Engineer
341,Janean,Pren,jpren9g@weather.com,Information Systems Manager
342,Etheline,Ericssen,eericssen9h@nsw.gov.au,Information Systems Manager
343,Robby,Wolfart,rwolfart9i@clickbank.net,Senior Sales Associate
344,Berri,Stellman,bstellman9j@blog.com,Software Consultant
345,Giusto,Fones,gfones9k@github.io,Software Consultant
346,Adelbert,Georgeson,ageorgeson9l@jalbum.net,Software Consultant
347,Berri,Stellman,bstellmanj@blog.com,Software Consultant
348,Lindy,Katte,lkatte9n@miibeian.gov.cn,Software Consultant
349,Maddy,Eastcourt,meastcourt9o@free.fr,Software Consultant
350,Frannie,Bordman,fbordman9p@free.fr,Senior Quality Engineer
351,Clementius,Sonner,csonner9q@linkedin.com,Senior Quality Engineer
352,Odille,Munson,omunson9r@csmonitor.com,Senior Quality Engineer
353,Louis,Revance,lrevance9s@answers.com,Senior Quality Engineer
354,Bo,Atley,batley9t@ed.gov,Senior Quality Engineer
355,Lavinie,Bloodworthe,lbloodworthe9u@nifty.com,Senior Quality Engineer
356,Terry,Rambaut,trambaut9v@usgs.gov,Senior Quality Engineer
357,Marianna,Banaszkiewicz,mbanaszkiewicz9w@jimdo.com,Senior Quality Engineer
358,Kakalina,Inold,kinold9x@yellowpages.com,Senior Quality Engineer
359,Edita,Peperell,epeperell9y@free.fr,Senior Quality Engineer
360,Reade,Derill,rderill9z@msu.edu,Research Associate
361,Hale,McGiff,hmcgiffa0@jigsy.com,Research Associate
362,Sibyl,Grasha,sgrashaa1@goo.ne.jp,Research Associate
363,Jeff,Sawney,jsawneya2@dedecms.com,Quality Control Specialist
364,Cassandra,Aslum,casluma3@deliciousdays.com,Quality Control Specialist
365,Annabell,Puttick,aputticka4@google.co.jp,Quality Control Specialist
366,Foster,Lamb,flamba5@trellian.com,Quality Control Specialist
367,Clarence,Moreinu,cmoreinua6@amazon.co.jp,Quality Control Specialist
368,Josefa,Kelleher,jkellehera7@spiegel.de,Quality Control Specialist
369,Barret,Fairbeard,bfairbearda8@ftc.gov,Quality Control Specialist
370,Joni,Axelbee,jaxelbeea9@cocolog-nifty.com,Database Administrator
371,Flossie,Burton,fburtonaa@cmu.edu,Database Administrator
372,Billie,Sergant,bsergantab@webs.com,Database Administrator
373,Foster,Champneys,fchampneysac@youtu.be,Database Administrator
374,Paolo,Llewellin,pllewellinad@umn.edu,Project Manager
375,Brenden,Carless,bcarlessae@state.gov,Project Manager
376,Germana,Boncore,gboncoreaf@nps.gov,Project Manager
377,Aleksandr,Dickson,adicksonag@cam.ac.uk,Project Manager
378,Adair,Goare,agoareah@creativecommons.org,Project Manager
379,Karalynn,Tuck,ktuckai@noaa.gov,Project Manager
380,Garry,Braybrooke,gbraybrookeaj@house.gov,Help Desk Operator
381,Walden,Chessell,wchessellak@shop-pro.jp,Help Desk Operator
382,Rosanne,Azema,razemaal@instagram.com,Help Desk Operator
383,Gabi,Corton,gcortonam@nifty.com,Financial Analyst
384,Chryste,Coltart,ccoltartan@smh.com.au,Legal Assistant
385,Nelle,Diglin,ndiglinao@wikispaces.com,Legal Assistant
386,Skyler,Agron,sagronap@nba.com,Legal Assistant
387,Amitie,Baselli,abaselliaq@google.cn,Legal Assistant
388,Aloin,Kuna,akunaar@over-blog.com,Legal Assistant
389,Delinda,Shah,dshahas@ning.com,Legal Assistant
390,Bard,Trenear,btrenearat@list-manage.com,Legal Assistant
391,Drugi,Guihen,dguihenau@cocolog-nifty.com,Legal Assistant
392,Shea,Lamanby,slamanbyav@angelfire.com,Legal Assistant
393,Melony,Bigland,mbiglandaw@cafepress.com,Web Developer
394,Brady,Local,blocalax@answers.com,Web Developer
395,Gweneth,Gandrich,ggandrichay@hexun.com,Web Developer
396,Clevey,Haszard,chaszardaz@desdev.cn,Web Developer
397,Yorke,Whitebrook,ywhitebrookb0@earthlink.net,Web Developer
398,Florentia,Philbin,fphilbinb1@oaic.gov.au,Web Developer
399,Eustacia,Crowd,ecrowdb2@wunderground.com,Web Developer
400,Lizabeth,Steagall,lsteagallb3@macromedia.com,Web Developer
401,Charmine,Dixie,cdixieb4@unblog.fr,Web Developer
402,Arlina,Womack,awomackb5@cnet.com,VP Sales
403,Lucky,Ulyatt,lulyattb6@istockphoto.com,Payment Adjustment Coordinator
404,Cordie,Pinchen,cpinchenb7@mlb.com,Payment Adjustment Coordinator
405,Portie,Heijne,pheijneb8@sun.com,Payment Adjustment Coordinator
406,Adolph,O'Shiels,aoshielsb9@washington.edu,Payment Adjustment Coordinator
407,Valentine,Dominik,vdominikba@microsoft.com,Payment Adjustment Coordinator
408,Mickey,Sunock,msunockbb@seesaa.net,Payment Adjustment Coordinator
409,Bing,Carter,bcarterbc@indiatimes.com,Assistant Media Planner
410,Dotti,Alred,dalredbd@blogtalkradio.com,Assistant Media Planner
411,Zsazsa,Shelp,zshelpbe@ucsd.edu,Assistant Manager
412,Ynez,Petrescu,ypetrescubf@rediff.com,Financial Analyst
413,Anetta,Exrol,aexrolbg@newyorker.com,Financial Analyst
414,Harman,Thomesson,hthomessonbh@businesswire.com,Financial Analyst
415,Cly,Dilloway,cdillowaybi@bigcartel.com,Financial Analyst
416,Steward,Oppie,soppiebj@oracle.com,Financial Analyst
417,Jamaal,Wilflinger,jwilflingerbk@rediff.com,Financial Analyst
418,Morganne,Rodenborch,mrodenborchbl@instagram.com,General Manager
419,Cassie,Bassham,cbasshambm@kickstarter.com,Design Engineer
420,Agathe,Siebert,asiebertbn@tinypic.com,VP Quality Control
421,Tessy,Wurst,twurstbo@shareasale.com,Accountant
422,Estella,Bidnall,ebidnallbp@nba.com,Accountant
423,Josias,McCaster,jmccasterbq@patch.com,Accountant
424,Judye,Scowen,jscowenbr@weibo.com,Accountant
425,Corinne,Zanioletti,czaniolettibs@vk.com,Accountant
426,Willyt,Bohling,wbohlingbt@webnode.com,Software Developer
427,Nevins,Phillps,nphillpsbu@fema.gov,Software Developer
428,Madge,Dummer,mdummerbv@marketwatch.com,Software Developer
429,Tricia,Croyser,tcroyserbw@skyrock.com,Software Developer
430,Thorn,Krzyzanowski,tkrzyzanowskibx@diigo.com,Software Developer
431,Kip,Corke,kcorkeby@cafepress.com,Software Developer
432,Candida,Huge,chugebz@mashable.com,Software Developer
433,Ignatius,Carlet,icarletc0@themeforest.net,VP Product Management
434,Tait,Mealham,tmealhamc1@dailymotion.com,Human Resources Assistant
435,Martha,Garlinge,mgarlingec2@123-reg.co.uk,Human Resources Assistant
436,Juditha,Calabry,jcalabryc3@privacy.gov.au,Human Resources Assistant
437,Steve,Duxbarry,sduxbarryc4@desdev.cn,Human Resources Assistant
438,Juana,Ferrai,jferraic5@live.com,Human Resources Assistant
439,Merv,Poetz,mpoetzc6@ft.com,Human Resources Assistant
440,Ailyn,Yglesias,ayglesiasc7@loc.gov,Internal Auditor
441,Noelani,Chapellow,nchapellowc8@github.io,Internal Auditor
442,Eva,MacKeller,emackellerc9@jimdo.com,Internal Auditor
443,Cam,Hulbert,chulbertca@epa.gov,Internal Auditor
444,Jodie,Rayment,jraymentcb@flavors.me,Internal Auditor
445,Sophia,Vinall,svinallcc@ovh.net,Internal Auditor
446,Markus,Tilliards,mtilliardscd@dedecms.com,Internal Auditor
447,Camella,Paley,cpaleyce@51.la,Internal Auditor
448,Susy,Willbraham,swillbrahamcf@irs.gov,Internal Auditor
449,Cammie,Glas,cglascg@about.com,Legal Assistant
450,Regan,Zelley,rzelleych@creativecommons.org,Systems Administrator
451,Ben,Sandercock,bsandercockci@dedecms.com,Systems Administrator
452,Flossi,Isaak,fisaakcj@indiatimes.com,Systems Administrator
453,Ivonne,Fincke,ifinckeck@mlb.com,Systems Administrator
454,Tabina,McElhinney,tmcelhinneycl@vistaprint.com,Systems Administrator
455,Luther,Tocknell,ltocknellcm@youtu.be,Systems Administrator
456,Sonja,Threadgall,sthreadgallcn@addtoany.com,Systems Administrator
457,Bennett,Catanheira,bcatanheiraco@pagesperso-orange.fr,Systems Administrator
458,Ulla,Bullant,ubullant@ifeng.com,VP Sales
459,Ardelia,Sleite,asleitecq@digg.com,Product Engineer
460,Harald,Beniesh,hbenieshcr@tripod.com,Research Associate
461,Sheelagh,Chappelle,schappellecs@google.com,Research Associate
462,Miguela,Meys,mmeys@hostgator.com,Research Associate
463,Antoinette,Cammocke,acammockecu@time.com,Research Associate
464,Reinald,Hellin,rhellincv@pbs.org,Research Associate
465,Trix,Strase,tstrasecw@nationalgeographic.com,Research Associate
466,Aubrette,Gradwell,agradwellcx@skyrock.com,Computer Systems Analyst
467,Corey,Quinnell,cquinnellcy@umich.edu,Computer Systems Analyst
468,Gwyneth,Giamo,ggiamocz@mayoclinic.com,Computer Systems Analyst
469,Orv,Pendleton,opendletond0@a8.net,Computer Systems Analyst
470,Alicia,Lloyd,alloydd1@bbc.co.uk,Computer Systems Analyst
471,Wren,Reynoldson,wreynoldsond2@hugedomains.com,Computer Systems Analyst
472,Avram,Daniele,adanieled3@jugem.jp,VP Product Management
473,Minnnie,Wrighton,mwrightond4@shareasale.com,Quality Engineer
474,Kalila,de la Tremoille,kdelatremoilled5@omniture.com,Quality Engineer
475,Alla,Zelner,azelnerd6@dedecms.com,Quality Engineer
476,Lorant,Tregensoe,ltregensoed7@comcast.net,Quality Engineer
477,Jenine,Mowsdill,jmowsdilld8@huffingtonpost.com,Quality Engineer
478,Sara-ann,Heminsley,sheminsleyd9@bigcartel.com,Payment Adjustment Coordinator
479,Trisha,Tomkin,ttomkinda@github.io,Help Desk Operator
480,Chris,Kynastone,ckynastonedb@wikipedia.org,Graphic Designer
481,Zonnya,Gettings,zgettingsdc@skyrock.com,Graphic Designer
482,Rani,Currm,rcurrmdd@opensource.org,Graphic Designer
483,Pamelina,Goodacre,pgoodacrede@free.fr,Graphic Designer
484,Maiga,Tolan,mtolandf@umich.edu,Research Assistant
485,Hans,Layton,hlaytondg@last.fm,Research Assistant
486,Lurleen,Toynbee,ltoynbeedh@omniture.com,Research Assistant
487,Bernita,Quincey,bquinceydi@ucoz.com,Research Assistant
488,Herold,Aloigi,haloigidj@1und1.de,Software Developer
489,Carolin,Fairbairn,cfairbairndk@usa.gov,Software Developer
490,Sharon,Stratton,sstrattondl@arstechnica.com,Software Developer
491,Ravi,Gino,rginodm@about.me,Software Developer
492,Theresina,Archdeacon,tarchdeacondn@cisco.com,Database Administrator
493,Sarge,Hardwell,shardwelldo@tumblr.com,Database Administrator
494,Charis,Conachie,cconachiedp@squidoo.com,Database Administrator
495,Renata,Dole,rdoledq@go.com,Database Administrator
496,Lorie,Duffield,lduffielddr@wordpress.org,Database Administrator
497,Rickard,Frigout,rfrigoutds@example.com,Administrative Assistant
498,Charmain,Pearse,cpearsedt@smh.com.au,Administrative Assistant
499,Linda,Bartlomiej,lbartlomiejdu@ycombinator.com,Quality Engineer
500,Emelen,Eslie,eesliedv@dot.gov,Quality Engineer
