CustomerID,FirstName,LastName,Email,Phone,Address,City,State,Country
CUST0001,Lisa,Cowan,lisa.cowan@gmail.com,(1272) 924-1964,483 Johnson Lock Suite 978,Lake Feliciaview,VT,USA
CUST0002,Marc,Nelson,marc.nelson@gmail.com,(203) 939-5315,627 Gibson Springs Apt. 354,Melissaside,GA,USA
CUST0003,Jacob,Peters,jacob.peters72@gmail.com,(1949) 697-2133,991 Le Valleys,Bakermouth,DE,USA
CUST0004,Catherine,Wood,cathy.a.wood@gmail.com,(605) 334-5915,7174 Washington Shoals,Nicolefurt,NM,USA
CUST0005,Debra,Randolph,debra.randolph@yahoo.com,(1368) 588-1035,39926 Preston Circles Suite 823,East Grace,NY,USA
CUST0006,Ryan,Smith,ryan.smith@gmail.com,(588) 476-4598,933 Brendan Dam,Andrewchester,LA,USA
CUST0007,Bonnie,Bradley,contactus@bradleys.com,(1356) 842-3621,96748 Brenda Rue,East Ericaberg,CO,USA
CUST0008,Heidi,Steele,heidi.steele@yahoo.com,(1434) 232-6168,96016 Turner Dam,Pinedabury,WV,USA
CUST0009,Cathy,Wood,cathy.j.wood@gmail.com,+1 605 334 5915,7174 Washington Shoals,Nicolefurt,NM,USA
CUST0010,Bonnie,Bradley,contactus@bradleys.com,+1 970 555 3482,1452 Willow Creek Drive,East Ericaberg,CO,USA
CUST0011,Logan,Moore,logan.moore@gmail.com,(563) 414-5374,19222 Peter Turnpike Suite 722,Martinview,TX,USA
CUST0012,Christopher,James,christopher.james@gmail.com,(448) 684-7669,872 Sandoval Mountains,Lake Annabury,MO,USA
CUST0013,Charles,Sawyer,charles.sawyer@gmail.com,(1965) 521-1936,759 Crawford Island Suite 607,Johnport,AR,USA
CUST0014,Jessica,Franklin,jessica.franklin@yahoo.com,(664) 850-6977,4166 Welch Landing,South Amanda,KS,USA
CUST0015,Brett,Marks,brett.marks5@yahoo.com,(797) 608-6930,31827 Sutton Locks Suite 793,Lake James,MS,USA
CUST0016,Roberto,Coffey,roberto.coffey@yahoo.com,+1 632 387 5563,9265 Jennifer Lane Suite 357,Tuckermouth,CT,USA
CUST0017,Diana,Welch,diana.welch@gmail.com,(281) 438-2654,3577 Jason Spurs Suite 815,Willisshire,WY,USA
CUST0018,William,Lewis,william..lewis@yahoo.com,416 752 4295,060 Floyd Flat,Lake Amandachester,IL,USA
CUST0019,Brett,Marks,brett.marks@yahoo.com,(797) 608-6930,31827 Sutton Locks Suite 793,Lake James,MS,USA
CUST0020,Linda,Turner,linda.turner@gmail.com,(605) 858-8517,25535 Smith Overpass Apt. 545,Garciahaven,MS,USA
CUST0021,Wendy,Crosby,wendy.crosby@yahoo.com,(665) 492-7930,7785 Valerie Trafficway Apt. 234,East Jessica,TX,USA
CUST0022,Andrew,Foster,andrew.foster@gmail.com,(232) 230-2535,189 Harrell Bypass Apt. 191,North Jenniferstad,DC,USA
CUST0023,Herbert,Jones,herbert.jones@yahoo.com,(267) 416-6155,15156 Calderon Road,Tiffanyfurt,CT,USA
CUST0024,John,Butler,john..butler@gmail.com,+1 700 219 2832,395 Matthew Drive,South Julianborough,RI,USA
CUST0025,Kelly,Black,kelly.black@gmail.com,+1 914 632 6574,915 Rush Point,South Daletown,NC,USA
CUST0026,Kelly,Black,kelly.black74@gmail.com,(914) 632-6574,915 Rush Point,South Daletown,NC,USA
CUST0027,Melissa,Arnold,melissa.arnold@yahoo.com,+1 394 503 4566,808 Perry Trafficway,South Amberfort,AR,USA
CUST0028,Annette,Stewart,annette.stewart@yahoo.com,(445) 259-4946,838 Steven Trace Suite 632,Michelleville,LA,USA
CUST0029,Hiedi,Steel,heidi.steele@yahoo.com,(1578) 796-3426,96016 Turner Dam,Pinedabury,WV,USA
CUST0030,Chr,James,christopher.james@gmail.com,(448) 684-7669,872 Sandoval Mountains,Lake Annabury,MO,USA
CUST0031,Stacy,Mckeznie,stacy.mckenzie@gmail.com,(879) 306-3200,083 Scott Junctions Apt. 350,South Dianechester,NE,USA
CUST0032,Mark,Clark,mark.clark@gmail.com,(1390) 270-2113,21662 Johnson Shores,South Thomasmouth,CT,USA
CUST0033,William,Glover,william.glover@gmail.com,(1840) 505-9317,45122 Crystal Brooks Suite 702,Christophermouth,HI,USA
CUST0034,Cathy,Wood,cathy.wood+u66531@gmail.com,(271) 880-6409,7174 Washington Shoals,Nicolefurt,NM,USA
CUST0035,William,Lewis,william.lewis@yahoo.com,(416) 752-4295,060 Floyd Flat,Lake Amandachester,IL,USA
CUST0036,Ronald,Tanner,ronald.tanner@gmail.com,(1612) 945-6559,27634 Alexis Fields Suite 283,Leachfurt,LA,USA
CUST0037,Dennis,Higgins,dennis.higgins@gmail.com,(221) 802-4770,36721 Gardner Path Suite 242,South Mary,TX,USA
CUST0038,Carolyn,Guerrero,carolyn.guerrero@gmail.com,+1 721 705 2489,1257 Christine Mills Suite 138,Port Johnport,MO,USA
CUST0039,Brent,Lowe,brent.lowe@gmail.com,+1 875 686 3705,757 Yates Islands,Normanview,NM,USA
CUST0040,Bretn,Lowe,brent.lowe@gmail.com,(245) 203-6464,757 Yates Islands,Normanview,NM,USA
CUST0041,Robert,Park,robert.c.park@yahoo.com,(244) 947-8527,0917 Justin Well Apt. 397,West Ashley,NC,USA
CUST0042,Kel,Black,kelly.black+u32241@gmail.com,(874) 286-5649,915 Rush Point,South Daletown,NC,USA
CUST0043,Bre,Lowe,brent.lowe+u72277@gmail.com,(825) 986-2193,757 Yates Islands,Normanview,NM,USA
CUST0044,Ashley,Harrison,ashley.harrison@yahoo.com,(969) 274-1152,368 Donald Point Suite 591,Lake Whitney,NM,USA
CUST0045,Lacey,Becker,lacey.becker@gmail.com,(1299) 874-8062,267 Chad Hill,Jordanton,KS,USA
CUST0046,David,Ross,david.ross@yahoo.com,+1 921 271 1750,2247 Brandon Gateway,South Jessica,SD,USA
CUST0047,Isabel,Smith,isabel.z.smith@gmail.com,(885) 697-4510,19729 Jason Ramp,Meganfurt,CT,USA
CUST0048,Dennis,Johnson,dennis.x.johnson@gmail.com,(322) 783-5033,06848 Woodard Ridges,New Davidview,TX,USA
CUST0049,Teresa,Ramirez,teresa.ramirez@gmail.com,+1 582 980 3646,20856 Lloyd Street Apt. 579,Rodneyhaven,TN,USA
CUST0050,Brett,Marks,brett.marks+u97410@yahoo.com,(618) 534-7592,31827 Sutton Locks Suite 793,Lake James,MS,USA
CUST0051,John,Butler,john.butler@gmail.com,+1 662 438 9274,782 Oakridge Lane,Lake James,MS,USA
CUST0052,Jacob,Peters,jacob.peters@yahoo.com,(1949) 697-2133,991 Le Valleys,Bakermouth,DE,USA
CUST0053,Heidi,Steele,heidi.steele+u96951@yahoo.com,(327) 937-5920,96016 Turner Dam,Pinedabury,WV,USA
CUST0054,Jack,Brown,jack.brown@outlook.com,+1 717 816 1434,256 Green Stream Suite 111,South Jessicaview,MN,USA
CUST0055,Laura,Sanford,laura.sanford@gmail.com,+1 954 304 9935,2227 Ryan Trafficway Apt. 717,Garnerview,LA,USA
CUST0056,Brett,Marks,brett.marks5+u82667@yahoo.com,(330) 396-7888,31827 Sutton Locks Suite 793,Lake James,MS,USA
CUST0057,Kelly,Black,kelly.g.black+u22240@gmail.com,+1 969 440 6085,915 Rush Point,South Daletown,NC,USA
CUST0058,John,Butler,john.butler+u66346@gmail.com,(793) 821-6279,395 Matthew Drive,South Julianborough,RI,USA
CUST0059,Jack,Brown,jack.brown@gmail.com,+1 717 816 1434,256 Green Stream Suite 111,South Jessicaview,MN,USA
CUST0060,Christy,Hansen,christy.hansen@yahoo.com,(323) 453-4681,2743 Katherine Valleys,New Josephview,OH,USA
CUST0061,Jen,Taylor,jennifer.taylor@yahoo.com,(620) 678-1887,7043 Clark Summit,Susanport,WV,USA
CUST0062,Christopher,Davenport,christopher.davenport@gmail.com,(280) 765-5803,66558 Austin Burgs,Lake Steventown,MO,USA
CUST0063,Ana,Brown,ana.brown@yahoo.com,+1 277 653 2604,97218 Pamela Oval,Kaitlinbury,RI,USA
CUST0064,Arthur,Davis,arthur.davis@gmail.com,(425) 659-5557,625 Kendra Walks Apt. 503,West Josephmouth,OH,USA
CUST0065,Stacy,Mc Kenzie,stacy.mckenzie@gmail.com,(1232) 538-2160,083 Scott Junctions Apt. 350,South Dianechester,NE,USA
CUST0066,Chris,Hansen,christy.hansen45@yahoo.com,(323) 453-4681,2743 Katherine Valleys,New Josephview,OH,USA
CUST0067,Katrina,Jones,katrina.jones@yahoo.com,(887) 865-7118,5320 Andre Roads Apt. 843,Laurenhaven,GA,USA
CUST0068,Dennis,Higgins,dennis.higgins@yahoo.com,221 802 4770,36721 Gardner Path Suite 242,South Mary,TX,USA
CUST0069,Catrina,Jones,katrina.jones@yahoo.com,(887) 865-7118,5320 Andre Roads Apt. 843,Laurenhaven,GA,USA
CUST0070,Alexandra,Booth,alexandra.booth@gmail.com,(714) 743-3579,77251 Clark Islands,East Ericborough,AL,USA
CUST0071,Charles,Sawyer,charlessawyer1966@yahoo.com,(1965) 521-1936,759 Crawford Island Suite 607,Johnport,AR,USA
CUST0072,Jessica,Young,jessica.young@yahoo.com,(1896) 938-2876,6701 Victor Isle,Ryanport,ND,USA
CUST0073,Gregory,Reed,gregory.reed@gmail.com,(1629) 873-9565,1368 Jeremy Grove Suite 156,Kellyfort,DC,USA
CUST0074,William,Lewis,william.lewis+u81819@yahoo.com,+1 200 511 5700,060 Floyd Flat,South Markstad,IL,USA
CUST0075,Greg,Reed,gregory.reed@gmail.com,(629) 873-9565,1368 Jeremy Grove Suite 156,Kellyfort,DC,USA
CUST0076,Jennifer,Taylor,jennifer.taylor@yahoo.com,620 678 1887,7043 Clark Summit,Susanport,WV,USA
CUST0077,John,Butler,john..butler+u67905@gmail.com,(652) 891-4501,395 Matthew Drive,South Julianborough,RI,USA
CUST0078,Debra,Callahan,debra.callahan@gmail.com,+1 401 728 4632,2689 Cheryl Shore Apt. 312,Greeneborough,RI,USA
CUST0079,Jeffrey,Bates,jeffrey.bates@yahoo.com,+1 420 981 6514,1182 Dixon Spring Apt. 947,East Devinmouth,MN,USA
CUST0080,Dennis,Johnson,dennis.johnson@gmail.com,(322) 783-5033,06848 Woodard Ridges,New Davidview,TX,USA
CUST0081,Dennis,Johnson,dennis.johnson+u64321@gmail.com,(844) 789-4185,06848 Woodard Ridges,New Davidview,TX,USA
CUST0082,Leah,Mccoy,leah.mccoy@gmail.com,(1959) 481-5012,27878 York Lock Apt. 996,Popeshire,TX,USA
CUST0083,Jennifer,Huynh,jennifer.huynh@gmail.com,+1 396 394 9786,5454 Taylor Ports Apt. 367,West Theresa,IN,USA
CUST0084,Daniel,Banks,daniel.banks@gmail.com,(1589) 299-6881,0118 Ward Ways,Birdport,OR,USA
CUST0085,Ryan,Rodriguez,ryan.rodriguez@gmail.com,(697) 692-4502,45978 Pamela Ville,South Juliefurt,MO,USA
CUST0086,Jessica,Young,jessica.young1987@gmail.com,(1896) 938-2876,6701 Victor Isle,Ryanport,ND,USA
CUST0087,Isabel,Smith,isabel.smith@gmail.com,(885) 697-4510,19729 Jason Ramp,Meganfurt,CT,USA
CUST0088,Robert,Park,robert.park@yahoo.com,(244) 947-8527,0917 Justin Well Apt. 397,West Ashley,NC,USA
CUST0089,Jennifer,Taylor,jennifer.taylor+u74799@yahoo.com,(1609) 449-3417,7043 Clark Summit,Susanport,WV,USA
CUST0090,Brett,Marks,brett.marks+u98777@yahoo.com,(966) 378-5930,31827 Sutton Locks Suite 793,New Garybury,MS,USA
CUST0091,Arthur,Davis,arthur.davis+promo@gmail.com,425-659-5557,625 Kendra Walks Apt. 503,West Josephmouth,OH,USA
CUST0092,Miranda,Higgins,miranda.higgins@gmail.com,+1 746 946 5010,701 Lisa Stream Apt. 295,Rangelstad,KY,USA
CUST0093,Shawn,Mckee,shawn.mckee@yahoo.com,(409) 885-6147,06664 Alvarado Station,Ellenhaven,IA,USA
CUST0094,Miranda,Higgins,miranda.higgins@gmail.com,+1 746 946 5010,701 Lisa Stream Apt. 295,Rangelstad,KY,USA
CUST0095,Stacey,Rivera,stacey.rivera@yahoo.com,(1594) 590-8668,71599 Jordan Common Apt. 754,Jennaberg,OR,USA
CUST0096,Jacob,Peters,jacob.peters+u10221@gmail.com,(732) 751-4228,991 Le Valleys,Bakermouth,DE,USA
CUST0097,Debra,Callahan,debra.callahan@gmail.com,(342) 452-9830,2689 Cheryl Shore Apt. 312,Greeneborough,RI,USA
CUST0098,Andrea,Evans,andrea.evans@yahoo.com,(314) 500-8123,547 Solomon Expressway Suite 344,Port Amyport,VA,USA
CUST0099,Dennis,Higgins,dennis.higgins+u36100@gmail.com,+1 350 225 1757,36721 Gardner Path Suite 242,South Mary,TX,USA
CUST0100,Kellie,Jones,kellie.jones@gmail.com,(1295) 971-4872,3193 Byrd Pines Suite 030,Port Adam,ME,USA
